{
    "timestamp": "2024-08-04 22:41:34",
    "hash": "7c84e56b778f36ae574757904da5f66d837e13fcd78431fa67f78de5a4a41ce5",
    "language_dict": {
        "Python": 0,
        "Julia": 67.20216777938553,
        "Rust": 60.699572934503465,
        "LLVM": 0,
        "Bash": 54.39769445842469,
        "C++": 72.43892093005636
    },
    "global_dict": 0
}