{
    "Python": {
        "loc": 60.35743298131601,
        "bloc": 82.63473053892216,
        "sloc": 56.21149897330595,
        "cloc": 63.888888888888886
    },
    "Julia": {
        "loc": 0.36555645816409427,
        "bloc": 0.29940119760479045,
        "sloc": 0.41067761806981523,
        "cloc": 0.0
    },
    "Rust": {
        "loc": 0.6498781478472786,
        "bloc": 0.8982035928143712,
        "sloc": 0.6673511293634496,
        "cloc": 0.0
    },
    "LLVM": {
        "loc": 38.220958570268074,
        "bloc": 15.269461077844312,
        "sloc": 42.402464065708415,
        "cloc": 35.55555555555556
    },
    "Bash": {
        "loc": 0.12185215272136475,
        "bloc": 0.29940119760479045,
        "sloc": 0.051334702258726904,
        "cloc": 0.5555555555555556
    },
    "C++": {
        "loc": 0.2843216896831844,
        "bloc": 0.5988023952095809,
        "sloc": 0.25667351129363447,
        "cloc": 0.0
    }
}