{
    "timestamp": "2024-10-18 17:20:52",
    "hash": "d887bb46ed4583ed01b2706ee3e515751740fc27c81c1aeedf9a9c957b242783",
    "language_dict": {
        "Python": 0,
        "Julia": 65.76302175514908,
        "Objective-C": 68.98978760192115,
        "Rust": 60.699572934503465,
        "JavaScript": 95.25865509256978,
        "Clojure": 95.25865509256978,
        "FORTRAN": 80.53572277570602,
        "Go": 75.69632212950191,
        "Bash": 59.47695189262022,
        "C": 74.09989908344123,
        "TypeScript": 95.25865509256978,
        "C#": 73.56300490043196,
        "Java": 75.94729581075173,
        "Haskell": 85.42303934047798,
        "C++": 72.43892093005636,
        "LLVM": 33.64021478312813
    },
    "global_dict": 0
}