{
    "Python": {
        "loc": 59.84344422700587,
        "bloc": 79.30029154518951,
        "sloc": 89.76190476190476,
        "cloc": 13.23529411764706
    },
    "Julia": {
        "loc": 0.4305283757338552,
        "bloc": 0.5830903790087464,
        "sloc": 0.7142857142857143,
        "cloc": 0.0
    },
    "Objective-C": {
        "loc": 0.35225048923679064,
        "bloc": 0.5830903790087464,
        "sloc": 0.5555555555555556,
        "cloc": 0.0
    },
    "Rust": {
        "loc": 0.6262230919765166,
        "bloc": 0.8746355685131195,
        "sloc": 1.0317460317460316,
        "cloc": 0.0
    },
    "JavaScript": {
        "loc": 0.03913894324853229,
        "bloc": 0.0,
        "sloc": 0.07936507936507936,
        "cloc": 0.0
    },
    "Clojure": {
        "loc": 0.03913894324853229,
        "bloc": 0.0,
        "sloc": 0.07936507936507936,
        "cloc": 0.0
    },
    "FORTRAN": {
        "loc": 0.15655577299412915,
        "bloc": 0.2915451895043732,
        "sloc": 0.2380952380952381,
        "cloc": 0.0
    },
    "Go": {
        "loc": 0.3131115459882583,
        "bloc": 0.8746355685131195,
        "sloc": 0.3968253968253968,
        "cloc": 0.0
    },
    "Bash": {
        "loc": 0.11741682974559686,
        "bloc": 0.2915451895043732,
        "sloc": 0.07936507936507936,
        "cloc": 0.10504201680672269
    },
    "C": {
        "loc": 0.273972602739726,
        "bloc": 0.5830903790087464,
        "sloc": 0.3968253968253968,
        "cloc": 0.0
    },
    "TypeScript": {
        "loc": 0.03913894324853229,
        "bloc": 0.0,
        "sloc": 0.07936507936507936,
        "cloc": 0.0
    },
    "C#": {
        "loc": 0.3131115459882583,
        "bloc": 0.5830903790087464,
        "sloc": 0.4761904761904762,
        "cloc": 0.0
    },
    "Java": {
        "loc": 0.23483365949119372,
        "bloc": 0.2915451895043732,
        "sloc": 0.3968253968253968,
        "cloc": 0.0
    },
    "Haskell": {
        "loc": 0.11741682974559686,
        "bloc": 0.2915451895043732,
        "sloc": 0.15873015873015872,
        "cloc": 0.0
    },
    "C++": {
        "loc": 0.273972602739726,
        "bloc": 0.5830903790087464,
        "sloc": 0.3968253968253968,
        "cloc": 0.0
    },
    "LLVM": {
        "loc": 36.82974559686888,
        "bloc": 14.868804664723031,
        "sloc": 5.158730158730158,
        "cloc": 86.65966386554622
    }
}