{
    "unique_operators": 112,
    "unique_operands": 1661,
    "total_operators": 1411,
    "total_operands": 2481,
    "vocabulary_size": 1773,
    "program_length": 3892,
    "volume": 28379.19688997772,
    "difficulty": 81.19815949132308,
    "effort": 339424.40297393943,
    "estimated_bugs": 4
}